df1,df2,match
eafc_5850,tm_5057,True
eafc_7836,tm_5278,True
eafc_4948,tm_6499,True
eafc_2330,tm_6631,True
eafc_7074,tm_5343,True
eafc_7343,tm_9408,True
eafc_2744,tm_5374,True
eafc_11080,tm_5404,True
eafc_8420,tm_6766,True
eafc_3935,tm_3763,True
eafc_1651,tm_5001,True
eafc_4316,tm_6689,True
eafc_3507,tm_5063,True
eafc_3236,tm_9516,True
eafc_9145,tm_5022,True
eafc_2183,tm_5138,True
eafc_2953,tm_3767,True
eafc_7639,tm_5925,True
eafc_11281,tm_3097,True
eafc_5040,tm_7214,True
eafc_1169,tm_5375,True
eafc_7369,tm_6230,True
eafc_3085,tm_6915,True
eafc_1000,tm_5199,True
eafc_2155,tm_2214,True
eafc_4002,tm_9339,True
eafc_5368,tm_9534,True
eafc_10958,tm_9691,True
eafc_4281,tm_5039,True
eafc_9722,tm_9255,True
eafc_5730,tm_9679,True
eafc_8888,tm_5230,True
eafc_5329,tm_1179,True
eafc_1718,tm_6552,True
eafc_1379,tm_9425,True
eafc_7911,tm_6026,True
eafc_7931,tm_3378,True
eafc_7818,tm_7962,True
eafc_1758,tm_7098,True
eafc_8257,tm_6793,True
eafc_2068,tm_9269,True
eafc_2082,tm_6805,True
eafc_6682,tm_1128,True
eafc_8836,tm_9627,True
eafc_7912,tm_9453,True
eafc_4441,tm_9266,True
eafc_7842,tm_6887,True
eafc_3516,tm_9525,True
eafc_6375,tm_9246,True
eafc_11000,tm_9574,True
eafc_2883,tm_6700,True
eafc_10664,tm_5450,True
eafc_5463,tm_6421,True
eafc_9631,tm_5334,True
eafc_5738,tm_9772,True
eafc_4593,tm_6558,True
eafc_7448,tm_5481,True
eafc_8402,tm_3693,True
eafc_1713,tm_2128,True
eafc_6737,tm_4391,True
eafc_2090,tm_6658,True
eafc_3254,tm_6468,True
eafc_1577,tm_6688,True
eafc_4284,tm_4767,True
eafc_10707,tm_5357,True
eafc_10819,tm_5261,True
eafc_10249,tm_9363,True
eafc_1131,tm_6055,True
eafc_2775,tm_5004,True
eafc_8477,tm_5017,True
eafc_7215,tm_5437,True
eafc_2208,tm_6753,True
eafc_1076,tm_5353,True
eafc_3453,tm_6630,True
eafc_3629,tm_9197,True
eafc_8017,tm_8981,True
eafc_3025,tm_7204,True
eafc_7839,tm_5255,True
eafc_2923,tm_5008,True
eafc_10437,tm_9367,True
eafc_10228,tm_9576,True
eafc_1683,tm_9474,True
eafc_5023,tm_7004,True
eafc_8819,tm_9641,True
eafc_8774,tm_5186,True
eafc_2217,tm_6339,True
eafc_3899,tm_9435,True
eafc_1029,tm_6620,True
eafc_10803,tm_9318,True
eafc_8488,tm_9711,True
eafc_11440,tm_3324,True
eafc_4457,tm_1061,True
eafc_7129,tm_5335,True
eafc_1794,tm_6525,True
eafc_10095,tm_4987,True
eafc_9525,tm_5259,True
eafc_9949,tm_5120,True
eafc_8971,tm_6684,True
eafc_3452,tm_9481,True
eafc_7216,tm_9195,True
eafc_10116,tm_6363,False
eafc_10382,tm_8331,True
eafc_9735,tm_7797,False
eafc_8782,tm_10499,True
eafc_7442,tm_10035,True
eafc_7874,tm_2130,True
eafc_3020,tm_8181,True
eafc_1439,tm_10027,True
eafc_11698,tm_3317,True
eafc_8493,tm_9580,True
eafc_5991,tm_5552,True
eafc_10579,tm_9142,True
eafc_10135,tm_8574,True
eafc_2740,tm_1357,True
eafc_8145,tm_1509,True
eafc_1293,tm_5904,True
eafc_7669,tm_1802,True
eafc_2562,tm_8270,True
eafc_7179,tm_4014,True
eafc_5132,tm_3722,True
eafc_5303,tm_8166,True
eafc_2479,tm_2547,True
eafc_5726,tm_4062,True
eafc_7206,tm_9901,True
eafc_11340,tm_2955,False
eafc_4148,tm_7198,False
eafc_1765,tm_3520,True
eafc_10386,tm_7762,True
eafc_7705,tm_4334,True
eafc_8972,tm_6017,True
eafc_8716,tm_7474,True
eafc_11459,tm_7301,False
eafc_1839,tm_4213,True
eafc_3748,tm_2490,True
eafc_7646,tm_6363,True
eafc_5421,tm_9402,True
eafc_6061,tm_7969,True
eafc_1251,tm_4147,True
eafc_11550,tm_3256,True
eafc_9391,tm_2209,False
eafc_6267,tm_8954,False
eafc_2393,tm_8819,True
eafc_10621,tm_8516,True
eafc_3771,tm_8033,True
eafc_11395,tm_2829,True
eafc_7918,tm_4205,True
eafc_1608,tm_4260,True
eafc_4885,tm_9905,True
eafc_4869,tm_10629,True
eafc_7768,tm_9108,True
eafc_11410,tm_3237,False
eafc_8282,tm_3437,True
eafc_4522,tm_5140,True
eafc_4169,tm_9412,False
eafc_10593,tm_4188,True
eafc_4154,tm_1448,False
eafc_7915,tm_6178,True
eafc_2793,tm_1290,True
eafc_2523,tm_8320,True
eafc_9466,tm_3709,True
eafc_8660,tm_10733,True
eafc_9046,tm_6515,True
eafc_6597,tm_2481,True
eafc_7277,tm_7815,True
eafc_4133,tm_5817,False
eafc_10261,tm_4348,False
eafc_7170,tm_9940,False
eafc_1673,tm_9799,True
eafc_5347,tm_1864,True
eafc_1487,tm_6265,True
eafc_8708,tm_4207,True
eafc_3412,tm_4247,True
eafc_7529,tm_1032,True
eafc_7260,tm_9945,True
eafc_8342,tm_2648,True
eafc_2833,tm_10548,True
eafc_9383,tm_3811,False
eafc_2713,tm_2556,True
eafc_5995,tm_3951,True
eafc_11482,tm_2925,True
eafc_7001,tm_10712,True
eafc_7390,tm_3676,True
eafc_4946,tm_8924,True
eafc_7151,tm_8622,True
eafc_8887,tm_4119,True
eafc_9298,tm_3889,True
eafc_2891,tm_7426,True
eafc_2941,tm_6671,False
eafc_11158,tm_1697,True
eafc_11481,tm_8274,False
eafc_8799,tm_10207,False
eafc_3018,tm_8823,True
eafc_11128,tm_9451,False
eafc_4859,tm_9899,False
eafc_1367,tm_6192,True
eafc_7006,tm_4267,True
eafc_1031,tm_1553,True
eafc_11649,tm_3025,True
eafc_7532,tm_1566,True
eafc_4043,tm_5969,False
eafc_9771,tm_8386,True
eafc_5453,tm_10299,False
eafc_4652,tm_10265,True
eafc_1958,tm_4621,True
eafc_4118,tm_9217,False
eafc_7273,tm_5589,True
eafc_1747,tm_8812,True
eafc_4884,tm_7458,True
eafc_6833,tm_7032,True
eafc_11120,tm_2757,True
eafc_5053,tm_10361,True
eafc_1533,tm_9594,True
eafc_11244,tm_8871,True
eafc_10454,tm_2295,False
eafc_9118,tm_9860,True
eafc_2825,tm_6394,True
eafc_1035,tm_7009,True
eafc_2593,tm_10742,True
eafc_9653,tm_7530,True
eafc_6049,tm_5247,True
eafc_9405,tm_1299,True
eafc_9294,tm_4262,False
eafc_7984,tm_10202,True
eafc_11434,tm_3061,False
eafc_1850,tm_2030,True
eafc_9157,tm_6382,True
eafc_4677,tm_6596,True
eafc_4031,tm_8533,False
eafc_10554,tm_4052,True
eafc_11517,tm_2979,True
eafc_1883,tm_10065,True
eafc_6882,tm_8568,True
eafc_3927,tm_8880,True
eafc_5230,tm_7119,True
eafc_4919,tm_6883,True
eafc_1265,tm_1430,True
eafc_1014,tm_2119,True
eafc_8954,tm_1378,True
eafc_2498,tm_2463,True
eafc_9336,tm_6388,True
eafc_3874,tm_7316,True
eafc_4728,tm_10544,True
eafc_6683,tm_1401,True
eafc_8932,tm_4481,False
eafc_7379,tm_10272,True
eafc_4187,tm_1993,False
eafc_1543,tm_10478,True
eafc_4842,tm_8681,True
eafc_5354,tm_6044,True
eafc_10255,tm_1419,True
eafc_10885,tm_5205,False
eafc_4329,tm_4258,True
eafc_10194,tm_4127,False
eafc_2703,tm_4057,True
eafc_10335,tm_1187,False
eafc_2453,tm_6110,True
eafc_11575,tm_2844,False
eafc_2984,tm_4919,True
eafc_10843,tm_9806,False
eafc_1952,tm_6724,True
eafc_9309,tm_5638,True
eafc_8724,tm_2758,True
eafc_4025,tm_5776,True
eafc_7831,tm_10610,False
eafc_4834,tm_2697,False
eafc_9024,tm_3686,True
eafc_4989,tm_9445,False
eafc_6762,tm_1287,True
eafc_6165,tm_8438,True
eafc_6825,tm_9849,True
eafc_2576,tm_4270,True
eafc_8933,tm_6682,True
eafc_3167,tm_2548,True
eafc_4857,tm_1832,True
eafc_8198,tm_6979,False
eafc_9417,tm_3874,True
eafc_10801,tm_2770,True
eafc_7711,tm_3995,True
eafc_3818,tm_6757,True
eafc_1096,tm_9064,True
eafc_2655,tm_1976,True
eafc_9538,tm_2539,True
eafc_11535,tm_5477,False
eafc_6391,tm_3358,True
eafc_11214,tm_6108,True
eafc_5149,tm_1412,True
eafc_10709,tm_1958,False
eafc_3554,tm_5655,True
eafc_10145,tm_2706,True
eafc_4027,tm_6387,False
eafc_9976,tm_6152,False
eafc_4090,tm_9217,False
eafc_8182,tm_9977,True
eafc_2983,tm_10058,True
eafc_4860,tm_10280,True
eafc_1101,tm_8646,True
eafc_4231,tm_2634,False
eafc_9921,tm_8968,True
eafc_7715,tm_5573,True
eafc_1795,tm_5766,True
eafc_6365,tm_8915,False
eafc_1562,tm_5019,False
eafc_10031,tm_9630,False
eafc_5549,tm_8660,False
eafc_4263,tm_5038,False
eafc_10469,tm_2512,False
eafc_4204,tm_2929,False
eafc_10770,tm_4607,False
eafc_11164,tm_5759,False
eafc_5058,tm_1028,False
eafc_11519,tm_2860,False
eafc_4139,tm_5835,False
eafc_10071,tm_1162,False
eafc_8070,tm_2349,False
eafc_4210,tm_4849,False
eafc_2261,tm_7544,False
eafc_11630,tm_3138,False
eafc_3030,tm_2455,False
eafc_3960,tm_5682,False
eafc_9369,tm_8150,False
eafc_9956,tm_6775,False
eafc_8077,tm_2622,False
eafc_11642,tm_3235,False
eafc_11520,tm_1227,False
eafc_8940,tm_5899,False
eafc_4244,tm_9281,False
eafc_2805,tm_5382,False
eafc_8086,tm_1328,False
eafc_8839,tm_8325,False
eafc_11307,tm_3250,False
eafc_7554,tm_6142,False
eafc_4077,tm_9132,False
eafc_9863,tm_5145,False
eafc_11609,tm_3053,False
eafc_8626,tm_8663,False
eafc_11388,tm_3243,False
eafc_2180,tm_5462,False
eafc_9757,tm_5011,False
eafc_8828,tm_7263,False
eafc_4991,tm_9030,False
eafc_10142,tm_2267,False
eafc_8007,tm_6795,False
eafc_4299,tm_3332,False
eafc_7067,tm_2431,False
eafc_11578,tm_2973,False
eafc_9576,tm_1491,False
eafc_9303,tm_1087,False
eafc_11636,tm_3153,False
eafc_7967,tm_6684,False
eafc_2731,tm_7615,False
eafc_5593,tm_9184,False
eafc_7027,tm_4792,False
eafc_10330,tm_8088,False
eafc_4349,tm_2372,False
eafc_10034,tm_9422,False
eafc_2710,tm_2488,False
eafc_3769,tm_8668,False
eafc_10850,tm_7823,False
eafc_9416,tm_10430,False
eafc_6403,tm_4801,False
eafc_10090,tm_5300,False
eafc_8089,tm_2766,False
eafc_1311,tm_1176,False
eafc_6593,tm_3649,False
eafc_11309,tm_3091,False
eafc_6960,tm_10760,False
eafc_3301,tm_8346,False
eafc_11565,tm_10461,False
eafc_11533,tm_3145,False
eafc_5043,tm_9449,False
eafc_11179,tm_8451,False
eafc_10682,tm_5202,False
eafc_6479,tm_5077,False
eafc_11324,tm_4647,False
eafc_8019,tm_5716,False
eafc_9708,tm_7077,False
eafc_8073,tm_7685,False
eafc_11391,tm_5038,False
eafc_7925,tm_1564,False
eafc_4422,tm_9599,False
eafc_4279,tm_9294,False
eafc_8263,tm_4339,False
eafc_8333,tm_2253,False
eafc_11371,tm_3225,False
eafc_4673,tm_5196,False
eafc_2511,tm_9264,False
eafc_2145,tm_8707,False
eafc_5787,tm_9365,False
eafc_9085,tm_9625,False
eafc_11645,tm_1064,False
eafc_8213,tm_3147,False
eafc_3184,tm_9345,False
eafc_9439,tm_10766,False
eafc_9939,tm_9105,False
eafc_1303,tm_4864,False
eafc_7641,tm_1861,False
eafc_11132,tm_6745,False
eafc_10703,tm_5543,False
eafc_11489,tm_6692,False
eafc_4745,tm_6162,False
eafc_3392,tm_7874,False
eafc_9282,tm_1047,False
eafc_11511,tm_3364,False
eafc_10389,tm_1174,False
eafc_4095,tm_3937,False
eafc_11683,tm_9939,False
eafc_6898,tm_10480,False
eafc_4931,tm_7408,False
eafc_7951,tm_6913,False
eafc_11460,tm_8112,False
eafc_3098,tm_6389,False
eafc_4038,tm_9217,False
eafc_8764,tm_9040,False
eafc_11666,tm_2898,False
eafc_10161,tm_1345,False
eafc_7201,tm_3615,False
eafc_8414,tm_10481,False
eafc_9858,tm_4899,False
eafc_8601,tm_6897,False
eafc_9874,tm_10179,False
eafc_8178,tm_8717,False
eafc_5099,tm_6158,False
eafc_11687,tm_3280,False
eafc_3531,tm_9428,False
eafc_11444,tm_2830,False
eafc_7717,tm_7613,False
eafc_3926,tm_8177,False
eafc_11601,tm_9887,False
eafc_4061,tm_6325,False
eafc_8423,tm_6071,False
eafc_11615,tm_2831,False
eafc_2671,tm_3406,False
eafc_6932,tm_9929,False
eafc_11315,tm_6931,False
eafc_8278,tm_7716,False
eafc_3109,tm_6715,False
eafc_2512,tm_4880,False
eafc_9909,tm_4907,False
eafc_8092,tm_3493,False
eafc_11039,tm_4972,False
eafc_9856,tm_9626,False
eafc_4050,tm_2929,False
eafc_5885,tm_3356,False
eafc_4895,tm_4777,False
eafc_1135,tm_6652,False
eafc_7250,tm_8457,False
eafc_6270,tm_1601,False
eafc_8960,tm_9471,False
eafc_10767,tm_8400,False
eafc_4206,tm_2584,False
eafc_7605,tm_1345,False
eafc_7188,tm_3137,False
eafc_5394,tm_2243,False
eafc_3157,tm_7523,False
eafc_9835,tm_9408,False
eafc_11463,tm_3059,False
eafc_2597,tm_1959,False
eafc_10319,tm_1165,False
eafc_6117,tm_10844,False
eafc_4254,tm_2941,False
eafc_10269,tm_4521,False
eafc_4305,tm_2272,False
eafc_6830,tm_5053,False
eafc_4026,tm_4381,False
eafc_1866,tm_5634,False
eafc_4448,tm_5258,False
eafc_4668,tm_7481,False
eafc_11177,tm_5368,False
eafc_8080,tm_4235,False
eafc_4058,tm_6637,False
eafc_2747,tm_6952,False
eafc_8060,tm_7158,False
eafc_6362,tm_8210,False
eafc_5613,tm_8062,False
eafc_10842,tm_8451,False
